feature,MAE,RMSE,WAPE%,sMAPE%,R2,Bias
CH4Emission,2.70380912597641,4.937953360520228,2.2887701499239665,2.49004693556529,0.9964744620083938,-1.7564065975831307
N2OEmission,0.5016486329498011,0.8566929763194516,2.5792025876413343,2.90076979395333,0.9956641924993255,0.13555763014311709
area,0.07373792795902645,0.4277378830800455,0.3644852244020235,0.9557381468916483,0.9997784820600154,0.066826998480212
carbonSequestrationAboveGround,44.77890615723929,152.44490846667034,1.0989112584318448,5.555246028616709,0.9996944410764431,33.75953844261988
carbonSequestrationBelowGround,10.752538804622224,36.59825721365663,1.0994835031400005,5.629312715995312,0.9996942501714919,8.103431704177009
livestockEmissionCH4,1.842464353770453,3.4109476475505165,4.1647909225922275,4.397147488749031,0.9944909872419655,-1.4225857983512025
livestockEmissionN2O,0.39675687460571335,0.6256916978804425,6.143011082344241,8.128698393982244,0.982567409535042,0.25946363754177565
riceEmissionCH4,1.2682985923467196,2.722655263175608,1.7170195203077094,1.8407190412930108,0.997186002410159,-0.22296282323518066
riceEmissionN2O,0.3180078273355674,0.5689000225477064,2.4449947596999726,4.2982952411792565,0.996102156009494,-0.05115845790968443
